{"phi": 0.8985171114183963, "omega": 0.000387129333562078, "tvaccination": 250.40836529120045}
