{
    "population_size": 500000,
    "nodes": 20,
    "timesteps": 500,
    "initial_infected_fraction": 0.01,
    "transmission_rate": 0.13735255136692343,
    "migration_rate": 0.00970645980267521
}
