{
    "population_size": 500000,
    "nodes": 20,
    "timesteps": 500,
    "initial_infected_fraction": 0.01,
    "transmission_rate": 0.12136021946167216,
    "migration_rate": 0.006133821199258909
}
