region_id,population,centroid_lat,centroid_long,birth_rate
Ryansoro,46482.66796875,-3.707268618580818,29.79879895068512,11.65647
Ndava,72979.296875,-3.391556716979041,29.753430749757815,15.881549
Buyengero,76468.8125,-3.8487418774123014,29.53299692786253,12.503805
Bugarama,44571.8515625,-3.6904789341549504,29.400408879716224,11.025566
Rumonge,300248.03125,-3.9622108122897663,29.45711276535364,19.567726
Burambi,63219.703125,-3.798641437985548,29.452423323952797,9.199019
Kanyosha1,115017.984375,-3.4309688424403473,29.41531324224386,37.951366
Kabezi,71913.8359375,-3.5311012728218527,29.369968675926785,31.831919
Muhuta,88141.7109375,-3.623512958448508,29.415218642943234,21.598902